,symbol,market,opening_time,exact_opening_time,opening_price,trade_direction,id,closing_time,closing_price,number_of_take_profit_touches,reason_for_closing,is_closed,is_successful,PnL_ratio,fees,taxes,n_shares,invested_budget,is_analyzed,gain,stat_market_index_change(t_1)_ratio_1d,stat_market_index_1d,stat_vix_change(t_1)_ratio_1d,stat_vix_1d,stat_gold_futures_change(t_1)_ratio_1d,stat_gold_futures_1d,stat_treasuries_20years_change(t_1)_ratio_1d,stat_treasuries_20years_1d,stat_russel_2000_change(t_1)_ratio_1d,stat_russel_2000_1d,stat_Vola(22)_1d,stat_Beta(22)_1d,stat_ATR_1d,stat_bollinger_bands_upper_1d,stat_bollinger_bands_lower_1d,stat_open_over_lower_BB_ratio_1d,stat_ATR,stat_bollinger_bands_upper,stat_bollinger_bands_lower,stat_open_over_lower_BB_ratio,duration
0,AAPL,US,2019-03-22 09:30:00-04:00,2019-03-22 09:30:00-04:00,47.00164315619836,-1,US-AAPL-20190322-093000,2019-05-31 09:30:00-04:00,42.3121,1,Take Profit at Close,True,1,0.09977402578488208,,,0,0,False,0,0.010852481049954399,0.010852481049954399,-0.020129384330890843,-0.020129384330890843,0.004306017367118331,0.004306017367118331,0.002200864029509253,0.002200864029509253,0.012474402896412995,0.012474402896412995,,,,,,,,,,,70
1,NVDA,US,2019-03-22 09:30:00-04:00,2019-03-22 09:30:00-04:00,45.410901947765026,1,US-NVDA-20190322-093000,2019-09-18 09:30:00-04:00,44.7735,0,Max holding days touched,True,0,-0.014036319923753435,,,0,0,False,0,0.010852481049954399,0.010852481049954399,-0.020129384330890843,-0.020129384330890843,0.004306017367118331,0.004306017367118331,0.002200864029509253,0.002200864029509253,0.012474402896412995,0.012474402896412995,,,,,,,,,,,180
2,GOOG,US,2019-03-22 09:30:00-04:00,2019-03-22 09:30:00-04:00,61.331330892562875,1,US-GOOG-20190322-093000,2019-09-18 09:30:00-04:00,61.6051,0,Max holding days touched,True,1,0.004463772487127345,,,0,0,False,0,0.010852481049954399,0.010852481049954399,-0.020129384330890843,-0.020129384330890843,0.004306017367118331,0.004306017367118331,0.002200864029509253,0.002200864029509253,0.012474402896412995,0.012474402896412995,,,,,,,,,,,180
3,MSFT,US,2019-03-26 09:30:00-04:00,2019-03-26 09:30:00-04:00,112.88523174649434,-1,US-MSFT-20190326-093000,2019-09-23 09:30:00-04:00,133.4126,0,Max holding days touched,True,0,-0.181842814475536,,,0,0,False,0,-0.000839020658475631,-0.000839020658475631,-0.009101918852961188,-0.009101918852961188,0.007853041338708122,0.007853041338708122,0.0016023028075999868,0.0016023028075999868,0.004608439494615091,0.004608439494615091,,,,,,,,,,,181
4,AMZN,US,2019-03-26 09:30:00-04:00,2019-03-26 09:30:00-04:00,89.67241402626038,1,US-AMZN-20190326-093000,2019-07-09 09:30:00-04:00,98.615,1,Take Profit at Close,True,1,0.09972505001505583,,,0,0,False,0,-0.000839020658475631,-0.000839020658475631,-0.009101918852961188,-0.009101918852961188,0.007853041338708122,0.007853041338708122,0.0016023028075999868,0.0016023028075999868,0.004608439494615091,0.004608439494615091,,,,,,,,,,,105
5,AAPL,US,2019-06-03 09:30:00-04:00,2019-06-03 09:30:00-04:00,42.41461905556414,-1,US-AAPL-20190603-093000,2019-12-02 09:30:00-05:00,64.2724,0,Max holding days touched,True,0,-0.5153360193050812,,,0,0,False,0,-0.01319537280847849,-0.01319537280847849,0.08150288494762292,0.08150288494762292,0.014528842822543409,0.014528842822543409,0.012519479237102171,0.012519479237102171,-0.013490160863315115,-0.013490160863315115,0.33637592043377024,12.869583312879612,1.11622949337539,40.64596493993193,50.7860006972751,0.8353724408187337,1.11622949337539,40.64596493993193,50.7860006972751,0.8353724408187337,182
6,AMZN,US,2019-07-10 09:30:00-04:00,2019-07-10 09:30:00-04:00,99.80054411315918,-1,US-AMZN-20190710-093000,2019-08-05 09:30:00-04:00,88.5331,1,Take Profit at Open,True,1,0.11289962608203362,,,0,0,False,0,0.0012365569653400854,0.0012365569653400854,0.009312329089232074,0.009312329089232074,0.0003579098067287845,0.0003579098067287845,-0.00037666320466045455,-0.00037666320466045455,0.000768514695634881,0.000768514695634881,0.17247139324492694,39.86366596757736,1.552904784047818,92.13906224142772,98.61898600686328,1.0122340994393717,1.552904784047818,92.13906224142772,98.61898600686328,1.0122340994393717,26
7,AMZN,US,2019-08-07 09:30:00-04:00,2019-08-07 09:30:00-04:00,88.67732616233826,-1,US-AMZN-20190807-093000,2020-02-03 09:30:00-05:00,100.2351,0,Max holding days touched,True,0,-0.13033516387834426,,,0,0,False,0,0.013017017169932643,0.013017017169932643,-0.17974786697302148,-0.17974786697302148,0.0053257196218403635,0.0053257196218403635,0.007992633645273806,0.007992633645273806,0.00986945852407195,0.00986945852407195,0.19795273514376924,51.72525144306758,1.9543206960528878,89.155106920034,104.85439243909687,0.845930236915134,1.9543206960528878,89.155106920034,104.85439243909687,0.845930236915134,180
8,NVDA,US,2019-09-19 09:30:00-04:00,2019-09-19 09:30:00-04:00,44.83322319793594,-1,US-NVDA-20190919-093000,2020-03-17 09:30:00-04:00,54.1494,0,Max holding days touched,True,0,-0.20779627556407676,,,0,0,False,0,0.00034269198975556137,0.00034269198975556137,-0.033933503141082344,-0.033933503141082344,0.0015945946800830502,0.0015945946800830502,0.004243616657615412,0.004243616657615412,-0.006304337603307619,-0.006304337603307619,0.436954917602256,29.35735559181134,1.2967839947405808,39.150787784533115,47.295969341321374,0.9481660896488496,1.2967839947405808,39.150787784533115,47.295969341321374,0.9481660896488496,180
9,GOOG,US,2019-09-19 09:30:00-04:00,2019-09-19 09:30:00-04:00,61.618401391029366,1,US-GOOG-20190919-093000,2019-12-16 09:30:00-05:00,67.808,1,Take Profit at Open,True,1,0.1004504899387368,,,0,0,False,0,0.00034269198975556137,0.00034269198975556137,-0.033933503141082344,-0.033933503141082344,0.0015945946800830502,0.0015945946800830502,0.004243616657615412,0.004243616657615412,-0.006304337603307619,-0.006304337603307619,0.2048035634628141,208.9386851010341,1.0236770566132578,57.39520525679868,62.52544408096987,0.9852469110190377,1.0236770566132578,57.39520525679868,62.52544408096987,0.9852469110190377,88
10,MSFT,US,2019-09-26 09:30:00-04:00,2019-09-26 09:30:00-04:00,133.7002610450775,1,US-MSFT-20190926-093000,2019-12-12 09:30:00-05:00,147.0335,1,Take Profit at Close,True,1,0.09972485356948675,,,0,0,False,0,0.006158571742003405,0.006158571742003405,-0.0639295746444557,-0.0639295746444557,-0.01794922031082391,-0.01794922031082391,-0.01462686732061258,-0.01462686732061258,0.011124263312863203,0.011124263312863203,0.174932712964703,1106.7170577905715,2.516221103707752,129.40113656469165,134.93689596704664,0.9905878105172746,2.516221103707752,129.40113656469165,134.93689596704664,0.9905878105172746,77
11,AAPL,US,2019-12-03 09:30:00-05:00,2019-12-03 09:30:00-05:00,62.81758533764498,-1,US-AAPL-20191203-093000,2020-03-20 09:30:00-04:00,56.55,1,Take Profit at Close,True,1,0.09977437534341163,,,0,0,False,0,-0.008631020716408422,-0.008631020716408422,0.1814580017923335,0.1814580017923335,-0.0022515876178922367,-0.0022515876178922367,-0.01333322156602168,-0.01333322156602168,-0.010415539516966721,-0.010415539516966721,0.1691128873901734,-78.68667301151304,0.917888058702484,62.23169113922575,65.62995093535922,0.9573874849144183,0.917888058702484,62.23169113922575,65.62995093535922,0.9573874849144183,107
12,GOOG,US,2019-12-17 09:30:00-05:00,2019-12-17 09:30:00-05:00,68.12746460723878,-1,US-GOOG-20191217-093000,2020-03-09 09:30:00-04:00,60.2801,1,Take Profit at Open,True,1,0.11518650594851244,,,0,0,False,0,0.007147785279833618,0.007147785279833618,-0.03879649775758176,-0.03879649775758176,-0.0004065977201573867,-0.0004065977201573867,-0.008990165075241752,-0.008990165075241752,0.0073016526942395465,0.0073016526942395465,0.13310301032528418,-74.43788969791123,0.8209798796285163,63.998393229374855,68.20705721007828,0.9990828445000387,0.8209798796285163,63.998393229374855,68.20705721007828,0.9990828445000387,82
13,MSFT,US,2019-12-18 09:30:00-05:00,2019-12-18 09:30:00-05:00,148.45200471327215,1,US-MSFT-20191218-093000,2020-01-30 09:30:00-05:00,167.3698,1,Take Profit at Open,True,1,0.1274337475150077,,,0,0,False,0,0.00033529222633799094,0.00033529222633799094,0.012355816662952268,0.012355816662952268,-0.00027120299258476255,-0.00027120299258476255,-0.0013785327528685887,-0.0013785327528685887,0.004618420947495316,0.004618420947495316,0.10047010303645817,-929.6449540315456,1.6232519659184794,142.09834579551594,149.16224380409344,0.9949897320058428,1.6232519659184794,142.09834579551594,149.16224380409344,0.9949897320058428,43
14,MSFT,US,2020-01-31 09:30:00-05:00,2020-01-31 09:30:00-05:00,165.68320711980738,1,US-MSFT-20200131-093000,2020-02-11 09:30:00-05:00,183.3326,1,Take Profit at Open,True,1,0.1065249350673793,,,0,0,False,0,0.003134358792605374,0.003134358792605374,-0.054911510191921864,-0.054911510191921864,0.008727195022131706,0.008727195022131706,0.0001376160882133881,0.0001376160882133881,-0.0006063472537103376,-0.0006063472537103376,0.19734135615957385,184.1635190402286,2.5632655102803494,150.4356776116817,164.45300341859175,1.007228771912557,2.5632655102803494,150.4356776116817,164.45300341859175,1.007228771912557,11
15,AMZN,US,2020-02-04 09:30:00-05:00,2020-02-04 09:30:00-05:00,101.51937679672243,1,US-AMZN-20200204-093000,2020-04-14 09:30:00-04:00,111.6434,1,Take Profit at Close,True,1,0.09972503302053791,,,0,0,False,0,0.007254613892351713,0.007254613892351713,-0.046178388120336256,-0.046178388120336256,-0.003601031748229011,-0.003601031748229011,-0.0008099575964051198,-0.0008099575964051198,0.011244874220828649,0.011244874220828649,0.3024696860210157,-22.733497931314375,2.0048835824853826,90.19096021574322,98.81008882600483,1.0271623525672537,2.0048835824853826,90.19096021574322,98.81008882600483,1.0271623525672537,69
16,MSFT,US,2020-02-12 09:30:00-05:00,2020-02-12 09:30:00-05:00,178.45718051958312,-1,US-MSFT-20200212-093000,2020-02-27 09:30:00-05:00,157.5594,1,Take Profit at Open,True,1,0.11710249180637411,,,0,0,False,0,0.0016884725532351208,0.0016884725532351208,0.009308533489218451,0.009308533489218451,-0.005778863191787997,-0.005778863191787997,-0.0050401402047849375,-0.0050401402047849375,0.0059004272793876655,0.0059004272793876655,0.2505562752045185,17.97896577604292,3.5819591199438707,149.2878925462232,181.24445761246824,0.9848676661481335,3.5819591199438707,149.2878925462232,181.24445761246824,0.9848676661481335,15
17,MSFT,US,2020-02-28 09:30:00-05:00,2020-02-28 09:30:00-05:00,147.03415649168096,1,US-MSFT-20200228-093000,2020-03-02 09:30:00-05:00,161.6971,1,Take Profit at Close,True,1,0.09972474327180338,,,0,0,False,0,-0.04416324258407911,-0.04416324258407911,0.4208998768597427,0.4208998768597427,0.0,0.0,0.010848745634666201,0.010848745634666201,-0.03534996670652446,-0.03534996670652446,0.4045975301717227,-17.165675776574382,5.218418629870022,157.04370870464595,187.301490880315,0.7848170692556143,5.218418629870022,157.04370870464595,187.301490880315,0.7848170692556143,3
18,MSFT,US,2020-03-05 09:30:00-05:00,2020-03-05 09:30:00-05:00,160.11297735729082,-1,US-MSFT-20200305-093000,2020-03-12 09:30:00-04:00,140.1749,1,Take Profit at Open,True,1,0.12452505528517623,,,0,0,False,0,0.04220259077449118,0.04220259077449118,-0.13117870623950623,-0.13117870623950623,-0.0006089763198755538,-0.0006089763198755538,-0.01061898252402449,-0.01061898252402449,0.030361754718079892,0.030361754718079892,0.4979178284354927,11.131389482843222,6.4151302536330865,153.54771054306664,188.31394106826147,0.850457564122351,6.4151302536330865,153.54771054306664,188.31394106826147,0.850457564122351,6
19,GOOG,US,2020-03-12 09:30:00-04:00,2020-03-12 09:30:00-04:00,56.314074236869814,1,US-GOOG-20200312-093000,2020-04-14 09:30:00-04:00,62.2389,1,Take Profit at Open,True,1,0.10521039089107673,,,0,0,False,0,-0.048868445131273974,-0.048868445131273974,0.13953493436099507,0.13953493436099507,-0.010668405420007354,-0.010668405420007354,-0.03679768214327317,-0.03679768214327317,-0.06410539197635978,-0.06410539197635978,0.4992980452326679,27.005288723491077,2.6471398748491346,59.602752504314566,79.94604815486511,0.7042249183849673,2.6471398748491346,59.602752504314566,79.94604815486511,0.7042249183849673,33
20,MSFT,US,2020-03-13 09:30:00-04:00,2020-03-13 09:30:00-04:00,142.2261645393019,-1,US-MSFT-20200313-093000,2020-09-09 09:30:00-04:00,204.8991,0,Max holding days touched,True,0,-0.4406568627067171,,,0,0,False,0,-0.09511268097833658,-0.09511268097833658,0.40018551176604067,0.40018551176604067,-0.031741181193497225,-0.031741181193497225,0.006196613103078619,0.006196613103078619,-0.11181680744869293,-0.11181680744869293,0.6572517224865857,28.02544936848017,7.803175884433029,138.18565737784917,187.2614724439282,0.7596956710590447,7.803175884433029,138.18565737784917,187.2614724439282,0.7596956710590447,180
21,NVDA,US,2020-03-19 09:30:00-04:00,2020-03-19 09:30:00-04:00,50.30861494994728,-1,US-NVDA-20200319-093000,2020-09-15 09:30:00-04:00,129.6059,0,Max holding days touched,True,0,-1.5762168195039092,,,0,0,False,0,-0.051830762729157875,-0.051830762729157875,0.00711359847295534,0.00711359847295534,-0.031215145139910194,-0.031215145139910194,-0.05641258458605869,-0.05641258458605869,-0.10424671770075222,-0.10424671770075222,1.1898536279723104,12.696454950796582,5.345579211578072,49.4753260373258,78.10593731411463,0.6442685022315948,5.345579211578072,49.4753260373258,78.10593731411463,0.6442685022315948,180
22,AAPL,US,2020-03-23 09:30:00-04:00,2020-03-23 09:30:00-04:00,55.59767837042648,-1,US-AAPL-20200323-093000,2020-09-21 09:30:00-04:00,107.8727,0,Max holding days touched,True,0,-0.9402374912363184,,,0,0,False,0,-0.04335951230846191,-0.04335951230846191,-0.0827777650621202,-0.0827777650621202,0.003652119912907814,0.003652119912907814,0.0751958155703294,0.0751958155703294,-0.042370706353305754,-0.042370706353305754,0.9634055106007796,11.374751136550083,4.2554151982957205,56.130441605818895,77.18107115052877,0.72053393969205,4.2554151982957205,56.130441605818895,77.18107115052877,0.72053393969205,182
23,AMZN,US,2020-04-15 09:30:00-04:00,2020-04-15 09:30:00-04:00,112.91222368621827,1,US-AMZN-20200415-093000,2020-05-20 09:30:00-04:00,124.1724,1,Take Profit at Close,True,1,0.0997250425700022,,,0,0,False,0,0.030572589146256046,0.030572589146256046,-0.08282730141057637,-0.08282730141057637,0.006820209772313124,0.006820209772313124,-0.00024452595762147755,-0.00024452595762147755,0.020865578839911025,0.020865578839911025,0.5332673651039838,7.756728928939593,3.862960420814936,86.7837704778077,108.93197888132315,1.0362797393824021,3.862960420814936,86.7837704778077,108.93197888132315,1.0362797393824021,35
24,GOOG,US,2020-04-15 09:30:00-04:00,2020-04-15 09:30:00-04:00,62.29606862926484,1,US-GOOG-20200415-093000,2020-05-07 09:30:00-04:00,68.5085,1,Take Profit at Close,True,1,0.09972429251846472,,,0,0,False,0,0.030572589146256046,0.030572589146256046,-0.08282730141057637,-0.08282730141057637,0.006820209772313124,0.006820209772313124,-0.00024452595762147755,-0.00024452595762147755,0.020865578839911025,0.020865578839911025,0.7564568143217937,9.946352084479091,2.861490484607204,51.838127627142605,62.59267223858006,0.9950126153305694,2.861490484607204,51.838127627142605,62.59267223858006,0.9950126153305694,22
25,GOOG,US,2020-05-08 09:30:00-04:00,2020-05-08 09:30:00-04:00,69.13921264457703,-1,US-GOOG-20200508-093000,2020-11-04 09:30:00-05:00,87.4784,0,Max holding days touched,True,0,-0.26525016201296603,,,0,0,False,0,0.011504630788313985,0.011504630788313985,-0.07854626265309517,-0.07854626265309517,0.022325198163132498,0.022325198163132498,0.016706499640075867,0.016706499640075867,0.01577188129253937,0.01577188129253937,0.41996270753688564,21.939029977847877,2.32796046023726,59.5394479620473,69.09694997191265,1.0008618585643951,2.32796046023726,59.5394479620473,69.09694997191265,1.0008618585643951,180
26,AMZN,US,2020-05-26 09:30:00-04:00,2020-05-26 09:30:00-04:00,122.93072652626039,1,US-AMZN-20200526-093000,2020-06-22 09:30:00-04:00,135.19,1,Take Profit at Close,True,1,0.09972505507905538,,,0,0,False,0,0.002353711326488428,0.002353711326488428,-0.04639352547841158,-0.04639352547841158,0.008195277876162477,0.008195277876162477,0.0060162160410828225,0.0060162160410828225,0.005914371424337261,0.005914371424337261,0.3719070229901837,-10.014750230739981,3.272266603999884,113.83889469382902,124.88485637428622,0.9841065209503176,3.272266603999884,113.83889469382902,124.88485637428622,0.9841065209503176,27
27,AMZN,US,2020-06-23 09:30:00-04:00,2020-06-23 09:30:00-04:00,136.33507012176514,1,US-AMZN-20200623-093000,2020-07-06 09:30:00-04:00,149.9311,1,Take Profit at Close,True,1,0.09972511009890414,,,0,0,False,0,0.006495095537691675,0.006495095537691675,-0.095387203189226,-0.095387203189226,0.006185879263869598,0.006185879263869598,0.00012327174903559168,0.00012327174903559168,0.010503108183795407,0.010503108183795407,0.2253116613492567,-84.19184426164381,3.1307907186478605,117.57757136241237,136.3637296019431,0.9995399456359887,3.1307907186478605,117.57757136241237,136.3637296019431,0.9995399456359887,13
28,AMZN,US,2020-07-07 09:30:00-04:00,2020-07-07 09:30:00-04:00,152.96573736953738,1,US-AMZN-20200707-093000,2020-08-26 09:30:00-04:00,168.2202,1,Take Profit at Close,True,1,0.09972470236004957,,,0,0,False,0,0.01588172586745884,0.01588172586745884,0.009393071749107529,0.009393071749107529,0.002522421524663754,0.002522421524663754,-0.00409537346445088,-0.00409537346445088,0.007696296875384867,0.007696296875384867,0.32195717938582336,-24.22312034017995,4.004860254165348,122.14320698423626,147.64974345521688,1.0357451487177691,4.004860254165348,122.14320698423626,147.64974345521688,1.0357451487177691,50
29,AMZN,US,2020-08-27 09:30:00-04:00,2020-08-27 09:30:00-04:00,172.54562806701662,1,US-AMZN-20200827-093000,2021-02-23 09:30:00-05:00,159.6851,0,Max holding days touched,True,0,-0.07453407084890958,,,0,0,False,0,0.010195626139483993,0.010195626139483993,0.0562868693812546,0.0562868693812546,0.015116592533547024,0.015116592533547024,-0.003826084992585632,-0.003826084992585632,-0.007013715420105093,-0.007013715420105093,0.28377676697895765,-99.92121196983831,4.523810983582651,150.96147481171226,170.02927073272133,1.0145459172883988,4.523810983582651,150.96147481171226,170.02927073272133,1.0145459172883988,180
30,MSFT,US,2020-09-10 09:30:00-04:00,2020-09-10 09:30:00-04:00,206.8417968655785,-1,US-MSFT-20200910-093000,2021-03-09 09:30:00-05:00,227.8259,0,Max holding days touched,True,0,-0.10145001374194484,,,0,0,False,0,0.02014498633677464,0.02014498633677464,-0.08423393819608227,-0.08423393819608227,0.006052742458290128,0.006052742458290128,-0.0026874432140261417,-0.0026874432140261417,0.014548824028945972,0.014548824028945972,0.3987688149389834,-21.50710291894781,6.881661095050179,193.99656171584948,224.8398900053419,0.9201815578219877,6.881661095050179,193.99656171584948,224.8398900053419,0.9201815578219877,180
31,NVDA,US,2020-09-16 09:30:00-04:00,2020-09-16 09:30:00-04:00,129.26918555265706,1,US-NVDA-20200916-093000,2020-10-13 09:30:00-04:00,142.559,1,Take Profit at Open,True,1,0.1028072884541336,,,0,0,False,0,0.005219359577689042,0.005219359577689042,-0.010058035785106334,-0.010058035785106334,0.0016384584927493506,0.0016384584927493506,-0.002431810395016387,-0.002431810395016387,0.000767779288750603,0.000767779288750603,0.6227655860235086,6.799932170331859,6.767347050745734,115.84719028433439,138.84401454965,0.9308062486723843,6.767347050745734,115.84719028433439,138.84401454965,0.9308062486723843,27
32,AAPL,US,2020-09-22 09:30:00-04:00,2020-09-22 09:30:00-04:00,110.42053089999693,1,US-AAPL-20200922-093000,2020-10-12 09:30:00-04:00,121.4322,1,Take Profit at Close,True,1,0.0997248338714822,,,0,0,False,0,-0.011571097930805796,-0.011571097930805796,0.0754936418389145,0.0754936418389145,-0.026074496721810836,-0.026074496721810836,0.005074395436643231,0.005074395436643231,-0.033531167971028064,-0.033531167971028064,0.5423635812756609,5.843348448973976,5.197249353540156,101.92755613672965,132.162920090077,0.8352791584174349,5.197249353540156,101.92755613672965,132.162920090077,0.8352791584174349,20
33,AAPL,US,2020-10-13 09:30:00-04:00,2020-10-13 09:30:00-04:00,122.75807816270765,1,US-AAPL-20201013-093000,2020-12-29 09:30:00-05:00,135.4475,1,Take Profit at Open,True,1,0.10336934259001156,,,0,0,False,0,0.01641581296364758,0.01641581296364758,0.00279998779296875,0.00279998779296875,0.0015629070070330986,0.0015629070070330986,0.0031858730893117304,0.0031858730893117304,0.00702268612078738,0.00702268612078738,0.4320846138804083,5.985343483088882,4.181617106928703,103.50620742944785,118.8971495041459,1.0322147908966461,4.181617106928703,103.50620742944785,118.8971495041459,1.0322147908966461,77
34,NVDA,US,2020-10-14 09:30:00-04:00,2020-10-14 09:30:00-04:00,142.499210632324,-1,US-NVDA-20201014-093000,2020-10-28 09:30:00-04:00,128.2814,1,Take Profit at Close,True,1,0.09977466239450804,,,0,0,False,0,-0.006306918994084421,-0.006306918994084421,0.03988831320993014,0.03988831320993014,-0.01768530559167747,-0.01768530559167747,0.007160536005065277,0.007160536005065277,-0.007398243158755147,-0.007398243158755147,0.4216501007262972,-1.3743162234611104,5.053526940652091,118.00351250839009,144.86832968521344,0.9838923707695528,5.053526940652091,118.00351250839009,144.86832968521344,0.9838923707695528,14
35,NVDA,US,2020-10-29 09:30:00-04:00,2020-10-29 09:30:00-04:00,128.0204147673198,-1,US-NVDA-20201029-093000,2021-04-27 09:30:00-04:00,153.5557,0,Max holding days touched,True,0,-0.19946260351594075,,,0,0,False,0,-0.035287878760604796,-0.035287878760604796,0.2077961206071215,0.2077961206071215,-0.017078843683110856,-0.017078843683110856,0.0009342337224942376,0.0009342337224942376,-0.029816831984048053,-0.029816831984048053,0.38245548300791177,-142.5796162701875,4.688322482546922,128.28611388761763,143.76389145295852,0.890713423100326,4.688322482546922,128.28611388761763,143.76389145295852,0.890713423100326,180
36,GOOG,US,2020-11-05 09:30:00-05:00,2020-11-05 09:30:00-05:00,89.02774055099488,-1,US-GOOG-20201105-093000,2021-05-05 09:30:00-04:00,117.8665,0,Max holding days touched,True,0,-0.3239300387780408,,,0,0,False,0,0.02204704770168342,0.02204704770168342,-0.1682137741370816,-0.1682137741370816,-0.007283219499115812,-0.007283219499115812,0.021691716684305806,0.021691716684305806,0.00048312408038930776,0.00048312408038930776,0.3980317473443267,-29.265049222559938,2.8128956988577034,73.6433084935428,84.89334006602752,1.0489633578146103,2.8128956988577034,73.6433084935428,84.89334006602752,1.0489633578146103,180
37,AAPL,US,2020-12-30 09:30:00-05:00,2020-12-30 09:30:00-05:00,133.0240307475507,-1,US-AAPL-20201230-093000,2021-02-25 09:30:00-05:00,119.7516,1,Take Profit at Close,True,1,0.09977468486681751,,,0,0,False,0,-0.00222738052560012,-0.00222738052560012,0.06359442913584812,0.06359442913584812,0.0013317707569933113,0.0013317707569933113,-0.0012708017836772223,-0.0012708017836772223,-0.01847965668049467,-0.01847965668049467,0.28026998978781437,12.195584714099367,3.330021935055466,115.51962032324172,133.1634698867192,0.999202673109292,3.330021935055466,115.51962032324172,133.1634698867192,0.999202673109292,57
38,AMZN,US,2021-02-26 09:30:00-05:00,2021-02-26 09:30:00-05:00,154.72130450820924,-1,US-AMZN-20210226-093000,2021-08-26 09:30:00-04:00,165.8415,0,Max holding days touched,True,0,-0.07187242588948528,,,0,0,False,0,-0.02447880752512621,-0.02447880752512621,0.3537956505658677,0.3537956505658677,-0.012246715487089666,-0.012246715487089666,-0.016330644665415228,-0.016330644665415228,-0.03686337879749746,-0.03686337879749746,0.2628880548255646,-85.31922958523324,3.908667559064319,155.80734815524306,171.01460161282336,0.9049519342050815,3.908667559064319,155.80734815524306,171.01460161282336,0.9049519342050815,180
39,AAPL,US,2021-03-01 09:30:00-05:00,2021-03-01 09:30:00-05:00,121.59849342142343,-1,US-AAPL-20210301-093000,2021-08-30 09:30:00-04:00,151.0147,0,Max holding days touched,True,0,-0.24191259078045435,,,0,0,False,0,-0.004750214169902844,-0.004750214169902844,-0.03253716325953937,-0.03253716325953937,-0.026093354480996478,-0.026093354480996478,0.03305921704749526,0.03305921704749526,0.0004000268090089687,0.0004000268090089687,0.2542770554454045,-125.03798695463155,3.7692765461534177,119.42920391387426,139.0684859054617,0.8745971443830056,3.7692765461534177,119.42920391387426,139.0684859054617,0.8745971443830056,181
40,MSFT,US,2021-03-10 09:30:00-05:00,2021-03-10 09:30:00-05:00,230.963889517244,1,US-MSFT-20210310-093000,2021-04-23 09:30:00-04:00,253.9968,1,Take Profit at Close,True,1,0.09972515846913954,,,0,0,False,0,0.01415464230382213,0.01415464230382213,-0.05653705007969756,-0.05653705007969756,0.02318652056161219,0.02318652056161219,0.013857857137776985,0.013857857137776985,0.019101434646739746,0.019101434646739746,0.23681526565382038,-61.47799499422481,5.537169622895188,218.27825720034124,242.3159261492681,0.9529136885301557,5.537169622895188,218.27825720034124,242.3159261492681,0.9529136885301557,43
41,MSFT,US,2021-04-27 09:30:00-04:00,2021-04-27 09:30:00-04:00,254.79044610917643,-1,US-MSFT-20210427-093000,2021-10-25 09:30:00-04:00,301.5519,0,Max holding days touched,True,0,-0.18352907106566513,,,0,0,False,0,0.001782270924804541,0.001782270924804541,0.017888024657076285,0.017888024657076285,0.0012380141653769439,0.0012380141653769439,-0.001427508483173523,-0.001427508483173523,0.011510348836322182,0.011510348836322182,0.20370172547108148,87.91195294933615,4.217155340162694,228.25720730614805,263.6430581967817,0.9666636451275991,4.217155340162694,228.25720730614805,263.6430581967817,0.9666636451275991,181
42,NVDA,US,2021-04-29 09:30:00-04:00,2021-04-29 09:30:00-04:00,153.6610956325994,-1,US-NVDA-20210429-093000,2021-05-11 09:30:00-04:00,138.0147,1,Take Profit at Open,True,1,0.10182405356531891,,,0,0,False,0,-0.0008455399168898481,-0.0008455399168898481,-0.015945261264952326,-0.015945261264952326,-0.0026996900045697103,-0.0026996900045697103,0.0006487918017969996,0.0006487918017969996,0.001255781613455964,0.001255781613455964,0.40749030548119697,55.26352617647178,4.841334959759899,133.74941162789492,163.8989373711285,0.9377700855051572,4.841334959759899,133.74941162789492,163.8989373711285,0.9377700855051572,12
43,GOOG,US,2021-05-06 09:30:00-04:00,2021-05-06 09:30:00-04:00,117.56138068008424,1,US-GOOG-20210506-093000,2021-07-06 09:30:00-04:00,129.4171,1,Take Profit at Open,True,1,0.10084705752289799,,,0,0,False,0,0.0007034637617677753,0.0007034637617677753,-0.016940448226939298,-0.016940448226939298,0.004673908395987247,0.004673908395987247,0.0016488977524358184,0.0016488977524358184,-0.0030778599534628803,-0.0030778599534628803,0.19581381088807717,87.28366692736064,2.406313900673164,110.74083195939954,121.03476847395007,0.9710597968050817,2.406313900673164,110.74083195939954,121.03476847395007,0.9710597968050817,61
44,NVDA,US,2021-05-12 09:30:00-04:00,2021-05-12 09:30:00-04:00,139.7866850419206,-1,US-NVDA-20210512-093000,2021-11-08 09:30:00-05:00,307.6406,0,Max holding days touched,True,0,-1.2007861471766192,,,0,0,False,0,-0.00867391280271812,-0.00867391280271812,0.11088506216152072,0.11088506216152072,-0.0008707350127551416,-0.0008707350127551416,-0.005659399423713074,-0.005659399423713074,-0.0025805400928743394,-0.0025805400928743394,0.42829320085979966,59.073509041917504,4.926668064628844,140.3326017075851,160.43963645159457,0.8714906337637988,4.926668064628844,140.3326017075851,160.43963645159457,0.8714906337637988,180
45,GOOG,US,2021-07-07 09:30:00-04:00,2021-07-07 09:30:00-04:00,130.37358866882326,1,US-GOOG-20210707-093000,2021-08-27 09:30:00-04:00,143.3751,1,Take Profit at Close,True,1,0.09972503989441725,,,0,0,False,0,-0.0020218560598241897,-0.0020218560598241897,0.09090914843906228,0.09090914843906228,0.006114677753476183,0.006114677753476183,0.011721211763843442,0.011721211763843442,-0.0135573562006579,-0.0135573562006579,0.11811544541780719,85.48523049742718,1.6803724584182855,123.93210297786725,128.83934706485738,1.011655262055585,1.6803724584182855,123.93210297786725,128.83934706485738,1.011655262055585,51
46,AMZN,US,2021-08-27 09:30:00-04:00,2021-08-27 09:30:00-04:00,166.61983364868163,-1,US-AMZN-20210827-093000,2022-01-21 09:30:00-05:00,149.9875,1,Take Profit at Open,True,1,0.09982205169974508,,,0,0,False,0,-0.005824918819612557,-0.005824918819612557,0.12209643390577263,0.12209643390577263,0.002236886315413855,0.002236886315413855,0.0027695172484385466,0.0027695172484385466,-0.011293876505252376,-0.011293876505252376,0.28853088366155943,262.21043174908823,2.9263774309012462,159.61568967197275,170.23326052333977,0.9790184274863691,2.9263774309012462,159.61568967197275,170.23326052333977,0.9790184274863691,147
47,AAPL,US,2021-08-31 09:30:00-04:00,2021-08-31 09:30:00-04:00,150.48580219428672,-1,US-AAPL-20210831-093000,2022-02-28 09:30:00-05:00,163.2952,0,Max holding days touched,True,0,-0.08512030782263119,,,0,0,False,0,0.004306570844779589,0.004306570844779589,-0.012202493168921968,-0.012202493168921968,-0.004183626383395755,-0.004183626383395755,0.002609520139092547,0.002609520139092547,-0.00490082453416385,-0.00490082453416385,0.17944043317987868,48.569326323425315,2.5715728604572563,142.2193966069196,149.82518652296324,1.0046604082116701,2.5715728604572563,142.2193966069196,149.82518652296324,1.0046604082116701,181
48,GOOG,US,2021-08-31 09:30:00-04:00,2021-08-31 09:30:00-04:00,145.84803509902954,-1,US-GOOG-20210831-093000,2022-01-21 09:30:00-05:00,131.296,1,Take Profit at Close,True,1,0.09977532497540229,,,0,0,False,0,0.004306570844779589,0.004306570844779589,-0.012202493168921968,-0.012202493168921968,-0.004183626383395755,-0.004183626383395755,0.002609520139092547,0.002609520139092547,-0.00490082453416385,-0.00490082453416385,0.12098907119950038,294.09478378629547,1.9552864429167194,133.60513770971977,144.75446312035837,1.0078066201267175,1.9552864429167194,133.60513770971977,144.75446312035837,1.0078066201267175,143
49,MSFT,US,2021-10-27 09:30:00-04:00,2021-10-27 09:30:00-04:00,309.0992578394817,-1,US-MSFT-20211027-093000,2022-02-23 09:30:00-05:00,278.2589,1,Take Profit at Close,True,1,0.0997749333176899,,,0,0,False,0,0.0018197952535197182,0.0018197952535197182,0.04855641615694517,0.04855641615694517,-0.007364368121885345,-0.007364368121885345,0.008268757823947537,0.008268757823947537,-0.007160567672584883,-0.007160567672584883,0.2275764759407724,-40.004499346490036,4.558181164081511,273.0322046697591,310.2127263605143,0.9966597940864811,4.558181164081511,273.0322046697591,310.2127263605143,0.9966597940864811,119
50,NVDA,US,2021-11-09 09:30:00-05:00,2021-11-09 09:30:00-05:00,322.40136737678654,1,US-NVDA-20211109-093000,2022-05-09 09:30:00-04:00,169.2451,0,Max holding days touched,True,0,-0.47504844232808313,,,0,0,False,0,0.0008877879113036169,0.0008877879113036169,0.044902899980162614,0.044902899980162614,0.006055934734722435,0.006055934734722435,-0.0018754046079529907,-0.0018754046079529907,0.0023224153199470354,0.0023224153199470354,0.4694750634270507,-20.591717548561803,10.788511537487382,185.6211062842457,302.8982632225902,1.064122269143314,10.788511537487382,185.6211062842457,302.8982632225902,1.064122269143314,180
51,AMZN,US,2022-01-24 09:30:00-05:00,2022-01-24 09:30:00-05:00,139.03475,1,US-AMZN-20220124-093000,2022-02-02 09:30:00-05:00,155.0117,1,Take Profit at Open,True,1,0.1149133579914373,,,0,0,False,0,-0.018914821867908604,-0.018914821867908604,0.12739352127562054,0.12739352127562054,-0.005807300500339174,-0.005807300500339174,0.011906191434957858,0.011906191434957858,-0.017845494367748627,-0.017845494367748627,0.2933002693426367,21.714022484214937,4.568020748369195,149.6883724351895,177.21032446422456,0.7843786778239408,4.568020748369195,149.6883724351895,177.21032446422456,0.7843786778239408,9
52,GOOG,US,2022-01-24 09:30:00-05:00,2022-01-24 09:30:00-05:00,126.05900321197511,1,US-GOOG-20220124-093000,2022-02-02 09:30:00-05:00,151.8255,1,Take Profit at Open,True,1,0.20440028979681144,,,0,0,False,0,-0.018914821867908604,-0.018914821867908604,0.12739352127562054,0.12739352127562054,-0.005807300500339174,-0.005807300500339174,0.011906191434957858,0.011906191434957858,-0.017845494367748627,-0.017845494367748627,0.24317297646601607,1.2649585013266404,3.4693701776577877,130.8571241340192,150.6667741814105,0.8364650867625737,3.4693701776577877,130.8571241340192,150.6667741814105,0.8364650867625737,9
53,GOOG,US,2022-02-03 09:30:00-05:00,2022-02-03 09:30:00-05:00,145.33132191848756,1,US-GOOG-20220203-093000,2022-08-03 09:30:00-04:00,118.7503,0,Max holding days touched,True,0,-0.182899471136691,,,0,0,False,0,0.00942251544733641,0.00942251544733641,0.0059199031664420865,0.0059199031664420865,0.004943566129181232,0.004943566129181232,0.003386971750443779,0.003386971750443779,-0.01034747008600534,-0.01034747008600534,0.39026745229752186,0.6188128566335056,4.5994764218175135,125.94142797643707,145.78642007654145,0.996629165409658,4.5994764218175135,125.94142797643707,145.78642007654145,0.996629165409658,180
54,AMZN,US,2022-02-04 09:30:00-05:00,2022-02-04 09:30:00-05:00,155.64540797424317,1,US-AMZN-20220204-093000,2022-08-04 09:30:00-04:00,142.5344,0,Max holding days touched,True,0,-0.08423639441012502,,,0,0,False,0,-0.024391082077444004,-0.024391082077444004,0.10230874663969036,0.10230874663969036,-0.0034269021330998184,-0.0034269021330998184,-0.007806055046353566,-0.007806055046353566,-0.018965070491526848,-0.018965070491526848,0.42791153353059114,-1.8830243259987876,5.84815001341606,133.4761147596865,171.32238377546972,0.9082672264914884,5.84815001341606,133.4761147596865,171.32238377546972,0.9082672264914884,180
55,MSFT,US,2022-02-25 09:30:00-05:00,2022-02-25 09:30:00-05:00,289.8210204988897,-1,US-MSFT-20220225-093000,2022-05-09 09:30:00-04:00,260.9041,1,Take Profit at Close,True,1,0.09977509722763694,,,0,0,False,0,0.014956856067329216,0.014956856067329216,-0.02256611065794678,-0.02256611065794678,0.008328108537978496,0.008328108537978496,0.000658764346304741,0.000658764346304741,0.026706605588288523,0.026706605588288523,0.3698106362656837,6.181178313390349,9.702112940504575,277.66421151023115,310.6929753794173,0.933054548524442,9.702112940504575,277.66421151023115,310.6929753794173,0.933054548524442,72
56,AAPL,US,2022-03-03 09:30:00-05:00,2022-03-03 09:30:00-05:00,166.60815999371314,1,US-AAPL-20220303-093000,2022-08-31 09:30:00-04:00,155.8493,0,Max holding days touched,True,0,-0.06457582866360882,,,0,0,False,0,0.018642691757321028,0.018642691757321028,-0.07743097080840666,-0.07743097080840666,-0.011068780750497331,-0.011068780750497331,-0.03418258913684913,-0.03418258913684913,0.0250733664144156,0.0250733664144156,0.2561520286367148,26.573444466888287,4.625436887950861,158.15366344878873,176.17337207367223,0.94546932038326,4.625436887950861,158.15366344878873,176.17337207367223,0.94546932038326,180
57,NVDA,US,2022-05-10 09:30:00-04:00,2022-05-10 09:30:00-04:00,176.62399615139674,-1,US-NVDA-20220510-093000,2022-06-13 09:30:00-04:00,159.0013,1,Take Profit at Close,True,1,0.09977520911876046,,,0,0,False,0,-0.03203710063235676,-0.03203710063235676,0.15104337148978209,0.15104337148978209,-0.012810959074778139,-0.012810959074778139,0.008797281494518083,0.008797281494518083,-0.04211882193087624,-0.04211882193087624,0.7018027882162642,1.7372220659887414,13.91402447533154,171.5853523315065,229.3262718140013,0.770379083890939,13.91402447533154,171.5853523315065,229.3262718140013,0.770379083890939,34
58,MSFT,US,2022-05-11 09:30:00-04:00,2022-05-11 09:30:00-04:00,260.8918917461313,-1,US-MSFT-20220511-093000,2022-09-22 09:30:00-04:00,234.7414,1,Take Profit at Open,True,1,0.10023497308064226,,,0,0,False,0,0.0024578974498534745,0.0024578974498534745,-0.0506474337131857,-0.0506474337131857,-0.009261726023365169,-0.009261726023365169,0.009069510875503672,0.009069510875503672,-0.0001645311219796719,-0.0001645311219796719,0.43303979977052065,-117.04908367443858,9.720264173321398,262.0147895670094,288.0529960775218,0.9059344446417729,9.720264173321398,262.0147895670094,288.0529960775218,0.9059344446417729,134
59,NVDA,US,2022-06-14 09:30:00-04:00,2022-06-14 09:30:00-04:00,157.10664504073324,-1,US-NVDA-20220614-093000,2022-09-01 09:30:00-04:00,141.4313,1,Take Profit at Close,True,1,0.09977518797291535,,,0,0,False,0,-0.038768430665237275,-0.038768430665237275,0.2259459624419342,0.2259459624419342,-0.023243387656959658,-0.023243387656959658,-0.031379251085146165,-0.031379251085146165,-0.04759818588335396,-0.04759818588335396,0.7499218236456986,-95.53845868764908,11.410880561845552,156.69963185029854,198.08855937284596,0.7933114967423794,11.410880561845552,156.69963185029854,198.08855937284596,0.7933114967423794,79
60,GOOG,US,2022-08-04 09:30:00-04:00,2022-08-04 09:30:00-04:00,118.27042805099488,-1,US-GOOG-20220804-093000,2022-09-13 09:30:00-04:00,106.47,1,Take Profit at Close,True,1,0.09977496695883158,,,0,0,False,0,0.015638477163140152,0.015638477163140152,-0.08274130869142016,-0.08274130869142016,-0.0073965195452072585,-0.0073965195452072585,0.015744638259586496,0.015744638259586496,0.014066829517872748,0.014066829517872748,0.47074305030359065,-41.52428247575794,3.9881840243116815,106.46956820023955,121.38148236738739,0.9746132667394618,3.9881840243116815,106.46956820023955,121.38148236738739,0.9746132667394618,40
61,AMZN,US,2022-08-09 09:30:00-04:00,2022-08-09 09:30:00-04:00,138.01549055099488,-1,US-AMZN-20220809-093000,2022-09-16 09:30:00-04:00,122.8107,1,Take Profit at Open,True,1,0.1101672753565073,,,0,0,False,0,-0.0012375507238541195,-0.0012375507238541195,0.006619446785919081,0.006619446785919081,0.007840275380816442,0.007840275380816442,0.016141316564977304,0.016141316564977304,0.010089402332345676,0.010089402332345676,0.5289284795833703,-39.66930901604873,5.408659769693027,102.7140097325868,146.44499142708116,0.9426748003225263,5.408659769693027,102.7140097325868,146.44499142708116,0.9426748003225263,38
62,AAPL,US,2022-09-01 09:30:00-04:00,2022-09-01 09:30:00-04:00,155.351996212466,1,US-AAPL-20220901-093000,2023-02-28 09:30:00-05:00,146.5907,0,Max holding days touched,True,0,-0.056396418623959436,,,0,0,False,0,-0.007817025105971265,-0.007817025105971265,-0.01297208153817453,-0.01297208153817453,-0.006035226693615781,-0.006035226693615781,-0.009560934008412514,-0.009560934008412514,-0.006181306708055168,-0.006181306708055168,0.26319685258364545,-4.549084723233539,3.5688289575130674,156.6097069367561,175.60024637134936,0.8844701025762711,3.5688289575130674,156.6097069367561,175.60024637134936,0.8844701025762711,180
63,NVDA,US,2022-09-02 09:30:00-04:00,2022-09-02 09:30:00-04:00,140.88818614101237,1,US-NVDA-20220902-093000,2022-11-10 09:30:00-05:00,154.9383,1,Take Profit at Close,True,1,0.09972528033631671,,,0,0,False,0,0.0029962320243361873,0.0029962320243361873,-0.011983044578061208,-0.011983044578061208,-0.009458239596192963,-0.009458239596192963,-0.018308088791503918,-0.018308088791503918,-0.011550251005640999,-0.011550251005640999,0.626684980316705,-30.810181184969807,9.051020836198212,145.8174139322495,201.21428925378564,0.7000147624711395,9.051020836198212,145.8174139322495,201.21428925378564,0.7000147624711395,69
64,GOOG,US,2022-09-14 09:30:00-04:00,2022-09-14 09:30:00-04:00,105.46636244201662,1,US-GOOG-20220914-093000,2023-03-13 09:30:00-04:00,91.6371,0,Max holding days touched,True,0,-0.13112486409702123,,,0,0,False,0,-0.0432366134006168,-0.0432366134006168,0.14243818596528657,0.14243818596528657,-0.013367268047154046,-0.013367268047154046,0.00232743180106576,0.00232743180106576,-0.03909575144276012,-0.03909575144276012,0.3555173960449657,-30.323006750504344,3.191674940756442,103.68916969308873,122.34283103933313,0.8618404654009303,3.191674940756442,103.68916969308873,122.34283103933313,0.8618404654009303,180
65,AMZN,US,2022-09-19 09:30:00-04:00,2022-09-19 09:30:00-04:00,122.19054366302491,1,US-AMZN-20220919-093000,2023-03-20 09:30:00-04:00,97.6856,0,Max holding days touched,True,0,-0.20054697301784868,,,0,0,False,0,-0.007182134089448455,-0.007182134089448455,0.001141940570009048,0.001141940570009048,0.0037828309507974556,0.0037828309507974556,-0.008335759089229344,-0.008335759089229344,-0.01481459287423914,-0.01481459287423914,0.3931207733149534,-7.719137758942852,4.630768486141628,122.45641265272012,138.32658600450645,0.8831274391325584,4.630768486141628,122.45641265272012,138.32658600450645,0.8831274391325584,182
66,MSFT,US,2022-09-23 09:30:00-04:00,2022-09-23 09:30:00-04:00,236.3894727951547,1,US-MSFT-20220923-093000,2023-02-02 09:30:00-05:00,259.9634,1,Take Profit at Close,True,1,0.0997249451343947,,,0,0,False,0,-0.00842758097968943,-0.00842758097968943,-0.02286528741986016,-0.02286528741986016,0.0037246625814739698,0.0037246625814739698,-0.025548443625995065,-0.025548443625995065,-0.02261427725801779,-0.02261427725801779,0.2790332538247959,-24.13212707941797,6.204327559008641,231.85348616731437,272.81956681120124,0.8662516144274669,6.204327559008641,231.85348616731437,272.81956681120124,0.8662516144274669,132
67,NVDA,US,2022-11-11 09:30:00-05:00,2022-11-11 09:30:00-05:00,157.99157877029654,1,US-NVDA-20221111-093000,2022-12-12 09:30:00-05:00,173.7473,1,Take Profit at Close,True,1,0.09972506985711338,,,0,0,False,0,0.05543448436034493,0.05543448436034493,-0.09812186473630413,-0.09812186473630413,0.023507440393017776,0.023507440393017776,0.03847369855914429,0.03847369855914429,0.06108272427039174,0.06108272427039174,0.6927486305296009,5.567364763542684,8.046180025999346,110.83175940806609,152.79542412464878,1.0337488288834755,8.046180025999346,110.83175940806609,152.79542412464878,1.0337488288834755,31
68,NVDA,US,2022-12-13 09:30:00-05:00,2022-12-13 09:30:00-05:00,185.17281884846378,-1,US-NVDA-20221213-093000,2022-12-16 09:30:00-05:00,166.6972,1,Take Profit at Close,True,1,0.09977500457874054,,,0,0,False,0,0.014279296218109305,0.014279296218109305,0.09505037597659727,0.09505037597659727,-0.009788096226519438,-0.009788096226519438,0.0031978070810436687,0.0031978070810436687,0.012217086568576674,0.012217086568576674,0.6955267426929777,-63.959328792577345,7.352628284413707,151.02068179099564,175.69710995705123,1.0541956192372632,7.352628284413707,151.02068179099564,175.69710995705123,1.0541956192372632,3
69,NVDA,US,2022-12-20 09:30:00-05:00,2022-12-20 09:30:00-05:00,160.5210741431413,-1,US-NVDA-20221220-093000,2022-12-27 09:30:00-05:00,144.5051,1,Take Profit at Close,True,1,0.09977490014089613,,,0,0,False,0,-0.009007516001852345,-0.009007516001852345,-0.008841766380156879,-0.008841766380156879,-0.0012849434793994474,-0.0012849434793994474,-0.01680493939611971,-0.01680493939611971,-0.014086313681140883,-0.014086313681140883,0.5241479786432803,-77.6381878762561,7.566858037093292,152.28937704697876,180.01212746962278,0.8919466521712425,7.566858037093292,152.28937704697876,180.01212746962278,0.8919466521712425,7
70,NVDA,US,2022-12-28 09:30:00-05:00,2022-12-28 09:30:00-05:00,139.23650683466585,1,US-NVDA-20221228-093000,2023-01-09 09:30:00-05:00,153.1219,1,Take Profit at Close,True,1,0.09972523356839275,,,0,0,False,0,-0.004049622110409712,-0.004049622110409712,0.03737416137667604,0.03737416137667604,0.010523984719154278,0.010523984719154278,-0.01977305435779897,-0.01977305435779897,-0.006479549914911287,-0.006479549914911287,0.5927402550350316,-73.72312043286809,7.896747210846913,146.572645790937,183.03163582527392,0.7605335863410457,7.896747210846913,146.572645790937,183.03163582527392,0.7605335863410457,12
71,NVDA,US,2023-01-10 09:30:00-05:00,2023-01-10 09:30:00-05:00,155.0327090399708,1,US-NVDA-20230110-093000,2023-01-17 09:30:00-05:00,170.4933,1,Take Profit at Close,True,1,0.09972470361750005,,,0,0,False,0,-0.0007676325452631305,-0.0007676325452631305,0.03975391320164223,0.03975391320164223,0.004559596729233117,0.004559596729233117,0.00532401210736122,0.00532401210736122,0.0017347084264056623,0.0017347084264056623,0.5873056357217716,-35.63541996783454,7.715912722965272,131.9807907000305,182.24503785221557,0.850470127343163,7.715912722965272,131.9807907000305,182.24503785221557,0.850470127343163,7
72,NVDA,US,2023-01-18 09:30:00-05:00,2023-01-18 09:30:00-05:00,176.5392252868223,-1,US-NVDA-20230118-093000,2023-07-18 09:30:00-04:00,474.9556,0,Max holding days touched,True,0,-1.6903686658211072,,,0,0,False,0,-0.0020304911890052235,-0.0020304911890052235,0.055040883263509865,0.055040883263509865,-0.005838236603238345,-0.005838236603238345,-0.006463736836229694,-0.006463736836229694,-0.0014520119933628672,-0.0014520119933628672,0.5650137218921096,-34.64699412023166,7.651201333490023,134.5375583823798,175.47833669818658,1.0062972698066925,7.651201333490023,134.5375583823798,175.47833669818658,1.0062972698066925,180
73,MSFT,US,2023-02-06 09:30:00-05:00,2023-02-06 09:30:00-05:00,254.64266398584695,-1,US-MSFT-20230206-093000,2023-08-07 09:30:00-04:00,328.2206,0,Max holding days touched,True,0,-0.28894583045299316,,,0,0,False,0,-0.010354610691310495,-0.010354610691310495,-0.021356093342568938,-0.021356093342568938,-0.027866212520694877,-0.027866212520694877,-0.014955679883838058,-0.014955679883838058,-0.007840188303106621,-0.007840188303106621,0.3621305525581254,-30.98393642089096,6.950631584372189,219.718984215076,258.18487625855676,0.9865269579768742,6.950631584372189,219.718984215076,258.18487625855676,0.9865269579768742,181
74,AAPL,US,2023-03-02 09:30:00-05:00,2023-03-02 09:30:00-05:00,143.64934283612595,1,US-AAPL-20230302-093000,2023-03-21 09:30:00-04:00,157.9748,1,Take Profit at Close,True,1,0.09972518412573877,,,0,0,False,0,-0.004725264845680033,-0.004725264845680033,-0.0057971417782864965,-0.0057971417782864965,0.004811595297906868,0.004811595297906868,-0.010743078233790171,-0.010743078233790171,0.0007591307724215124,0.0007591307724215124,0.2601950635669633,45.84761978573814,3.3557093830027713,143.80974494652008,155.8004372434213,0.9217781542671567,3.3557093830027713,143.80974494652008,155.8004372434213,0.9217781542671567,18
75,GOOG,US,2023-03-15 09:30:00-04:00,2023-03-15 09:30:00-04:00,93.56338591575623,1,US-GOOG-20230315-093000,2023-03-21 09:30:00-04:00,102.894,1,Take Profit at Close,True,1,0.0997250579692038,,,0,0,False,0,0.016476655480623936,0.016476655480623936,-0.10520365261572151,-0.10520365261572151,-0.0028770205264839754,-0.0028770205264839754,-0.016441368294716763,-0.016441368294716763,0.018683692546020092,0.018683692546020092,0.24456630569677507,70.69664262118744,2.7386671835889276,88.6144110749744,97.17658929123654,0.9625775261075442,2.7386671835889276,88.6144110749744,97.17658929123654,0.9625775261075442,6
76,AMZN,US,2023-03-22 09:30:00-04:00,2023-03-22 09:30:00-04:00,100.42488444900513,-1,US-AMZN-20230322-093000,2023-09-18 09:30:00-04:00,140.015,0,Max holding days touched,True,0,-0.39422614990509014,,,0,0,False,0,0.012982193897784988,0.012982193897784988,-0.11469981372746085,-0.11469981372746085,-0.020816467354640267,-0.020816467354640267,-0.00859217921961175,-0.00859217921961175,0.018768015967588036,0.018768015967588036,0.3039722420751191,27.65473598464835,3.365689762836898,89.57298493793041,100.159015031552,1.0029051994630591,3.365689762836898,89.57298493793041,100.159015031552,1.0029051994630591,180
77,GOOG,US,2023-03-22 09:30:00-04:00,2023-03-22 09:30:00-04:00,105.11371438980103,-1,US-GOOG-20230322-093000,2023-09-18 09:30:00-04:00,138.9947,0,Max holding days touched,True,0,-0.3223269751895131,,,0,0,False,0,0.012982193897784988,0.012982193897784988,-0.11469981372746085,-0.11469981372746085,-0.020816467354640267,-0.020816467354640267,-0.00859217921961175,-0.00859217921961175,0.018768015967588036,0.018768015967588036,0.314277386926249,17.301931310405614,3.043433604292395,85.36709044694214,103.76191040755003,1.0132812606927304,3.043433604292395,85.36709044694214,103.76191040755003,1.0132812606927304,180
78,AAPL,US,2023-03-23 09:30:00-04:00,2023-03-23 09:30:00-04:00,158.0262031072414,1,US-AAPL-20230323-093000,2023-05-18 09:30:00-04:00,173.7854,1,Take Profit at Close,True,1,0.09972521381193938,,,0,0,False,0,-0.01646322377571363,-0.01646322377571363,0.041160014156131464,0.041160014156131464,0.004540788869001444,0.004540788869001444,0.013333177744585534,0.013333177744585534,-0.0283393551135509,-0.0283393551135509,0.23977548341258084,19.16913787872491,3.5715835735348347,142.92979274531146,158.70914310673933,0.9954480462690184,3.5715835735348347,142.92979274531146,158.70914310673933,0.9954480462690184,56
79,AAPL,US,2023-05-19 09:30:00-04:00,2023-05-19 09:30:00-04:00,175.65224177418654,-1,US-AAPL-20230519-093000,2023-11-15 09:30:00-05:00,187.8173,0,Max holding days touched,True,0,-0.06925649284597518,,,0,0,False,0,0.009445048649426635,0.009445048649426635,-0.04860708721874096,-0.04860708721874096,-0.012217878410890615,-0.012217878410890615,-0.007408869865573875,-0.007408869865573875,0.005838256044836676,0.005838256044836676,0.21442112580463843,-304.99471147310015,2.736305837805054,161.8338890824895,176.27496254104565,0.9967165119931853,2.736305837805054,161.8338890824895,176.27496254104565,0.9967165119931853,180
80,NVDA,US,2023-07-19 09:30:00-04:00,2023-07-19 09:30:00-04:00,474.41827533897566,-1,US-NVDA-20230719-093000,2023-08-09 09:30:00-04:00,427.0832,1,Take Profit at Close,True,1,0.09977498296235404,,,0,0,False,0,0.007117275205842377,0.007117275205842377,-0.013353068072256224,-0.013353068072256224,0.012702277426602349,0.012702277426602349,0.004539355361052655,0.004539355361052655,0.012709633474392357,0.012709633474392357,0.34168652462535104,-25.607431471662775,15.380254775377946,394.187835846888,467.684933318151,1.014650838117881,15.380254775377946,394.187835846888,467.684933318151,1.014650838117881,21
81,MSFT,US,2023-08-10 09:30:00-04:00,2023-08-10 09:30:00-04:00,324.1539644373743,1,US-MSFT-20230810-093000,2023-11-07 09:30:00-05:00,357.9205,1,Take Profit at Open,True,1,0.1041682017409023,,,0,0,False,0,-0.007038730380597102,-0.007038730380597102,-0.0018761559349974588,-0.0018761559349974588,-0.004521569191967556,-0.004521569191967556,0.005171089984985944,0.005171089984985944,-0.008549785890223704,-0.008549785890223704,0.282259704718657,181.70472331056595,7.759660815284377,316.4930802007846,356.8991103509732,0.9080239675636401,7.759660815284377,316.4930802007846,356.8991103509732,0.9080239675636401,89
82,NVDA,US,2023-08-15 09:30:00-04:00,2023-08-15 09:30:00-04:00,445.3918553162676,-1,US-NVDA-20230815-093000,2024-02-12 09:30:00-05:00,722.6267,0,Max holding days touched,True,0,-0.6224515364944677,,,0,0,False,0,0.005750475751703066,0.005750475751703066,-0.0013477397276295822,-0.0013477397276295822,-0.0012023884148516517,-0.0012023884148516517,-0.002201887126146662,-0.002201887126146662,-0.0023998603468590174,-0.0023998603468590174,0.43116415211778814,64.43933357134017,16.992222956754947,416.64084032106285,482.2878919787418,0.9237288319560081,16.992222956754947,416.64084032106285,482.2878919787418,0.9237288319560081,181
83,GOOG,US,2023-09-19 09:30:00-04:00,2023-09-19 09:30:00-04:00,138.28456250000002,1,US-GOOG-20230919-093000,2024-01-25 09:30:00-05:00,152.075,1,Take Profit at Close,True,1,0.09972506873281654,,,0,0,False,0,0.0007212876971294246,0.0007212876971294246,0.015228429204342975,0.015228429204342975,0.0040547117669642585,0.0040547117669642585,0.00570128537887804,0.00570128537887804,-0.006892135085424744,-0.006892135085424744,0.19148576685429036,-33.03621566759558,2.602201040030329,128.94607055960495,141.48793212594194,0.9771151357059924,2.602201040030329,128.94607055960495,141.48793212594194,0.9771151357059924,128
84,AMZN,US,2023-09-20 09:30:00-04:00,2023-09-20 09:30:00-04:00,138.5153655509949,-1,US-AMZN-20230920-093000,2023-09-28 09:30:00-04:00,124.071,1,Take Profit at Open,True,1,0.10427987894005267,,,0,0,False,0,-0.002151010615372817,-0.002151010615372817,0.007857118334088975,0.007857118334088975,0.00025886616619197333,0.00025886616619197333,-0.007380436987363348,-0.007380436987363348,-0.004235958853195276,-0.004235958853195276,0.2581060381904491,15.144327343746644,3.3842514067234815,130.43067035879542,145.0423307398374,0.9552383938194919,3.3842514067234815,130.43067035879542,145.0423307398374,0.9552383938194919,8
85,AMZN,US,2023-09-29 09:30:00-04:00,2023-09-29 09:30:00-04:00,128.16794694900514,-1,US-AMZN-20230929-093000,2024-03-15 09:30:00-04:00,174.4636,0,Close at last candle of data,True,0,-0.36121084992813973,,,0,0,False,0,0.005893173970516585,0.005893173970516585,-0.0482985287557941,-0.0482985287557941,-0.005984158643926429,-0.005984158643926429,0.0030538325638267416,0.0030538325638267416,0.008662675793016161,0.008662675793016161,0.31939621923967326,-30.320280526984206,3.702843419137552,124.11232948021468,147.8566715268654,0.8670558834063053,3.702843419137552,124.11232948021468,147.8566715268654,0.8670558834063053,168
86,MSFT,US,2023-11-08 09:30:00-05:00,2023-11-08 09:30:00-05:00,360.3712177182753,1,US-MSFT-20231108-093000,2024-01-19 09:30:00-05:00,396.3092,1,Take Profit at Close,True,1,0.09972489620361308,,,0,0,False,0,0.0028401189192852616,0.0028401189192852616,-0.005372728130387805,-0.005372728130387805,-0.007468675282677251,-0.007468675282677251,0.01474982095755184,0.01474982095755184,-0.0027560889062205884,-0.0027560889062205884,0.22877575099163064,-22.18953770469736,7.163578613557624,315.7934171285872,355.7990419778581,1.0125972948905193,7.163578613557624,315.7934171285872,355.7990419778581,1.0125972948905193,72
87,AAPL,US,2023-11-16 09:30:00-05:00,2023-11-16 09:30:00-05:00,189.28109337460478,-1,US-AAPL-20231116-093000,2024-03-05 09:30:00-05:00,170.3956,1,Take Profit at Close,True,1,0.09977485356780268,,,0,0,False,0,0.0015970120755575135,0.0015970120755575135,0.0014124617216946245,0.0014124617216946245,-0.0008665884391241274,-0.0008665884391241274,-0.014034300732286176,-0.014034300732286176,0.0016126298437866282,0.0016126298437866282,0.2000463456435269,-183.24151826702786,3.126921609785904,163.78191073854393,189.72304684202246,0.9979200135797102,3.126921609785904,163.78191073854393,189.72304684202246,0.9979200135797102,110
88,MSFT,US,2024-01-24 09:30:00-05:00,2024-01-24 09:30:00-05:00,400.8990185046638,1,US-MSFT-20240124-093000,2024-03-15 09:30:00-04:00,416.3159,0,Close at last candle of data,True,1,0.038455772610370864,,,0,0,False,0,0.002921374261968035,0.002921374261968035,-0.04852156254805884,-0.04852156254805884,0.0019308358498222322,0.0019308358498222322,-0.007923865476400893,-0.007923865476400893,-0.0035847822071709556,-0.0035847822071709556,0.12837922674278573,42.88805214089302,5.8165261971256585,360.2413007417128,400.9340959868028,0.9996625949546495,5.8165261971256585,360.2413007417128,400.9340959868028,0.9996625949546495,50
89,GOOG,US,2024-01-26 09:30:00-05:00,2024-01-26 09:30:00-05:00,152.90821261596682,1,US-GOOG-20240126-093000,2024-03-15 09:30:00-04:00,142.1345,0,Close at last candle of data,True,0,-0.07045869173178612,,,0,0,False,0,0.005260365527706368,0.005260365527706368,0.02359204397585213,0.02359204397585213,0.0014896469356133757,0.0014896469356133757,0.0065344763601764555,0.0065344763601764555,0.007146289559872843,0.007146289559872843,0.17132595641317183,76.63170829391139,2.810202662693535,135.519676588017,151.89132347301816,1.006443236004479,2.810202662693535,135.519676588017,151.89132347301816,1.006443236004479,48
90,NVDA,US,2024-02-13 09:30:00-05:00,2024-02-13 09:30:00-05:00,703.7910048589155,-1,US-NVDA-20240213-093000,2024-03-15 09:30:00-04:00,878.5896,0,Close at last candle of data,True,0,-0.2483671913029427,,,0,0,False,0,-0.0009489536011326738,-0.0009489536011326738,0.07733951866959421,0.07733951866959421,-0.0025206828118271574,-0.0025206828118271574,0.0011721028273341538,0.0011721028273341538,0.017547360784188504,0.017547360784188504,0.32348309573962475,13.523426224907503,21.186910540128345,534.4118301423665,735.7275924650554,0.9568310388488026,21.186910540128345,534.4118301423665,735.7275924650554,0.9568310388488026,30
91,AAPL,US,2024-03-07 09:30:00-05:00,2024-03-07 09:30:00-05:00,169.10770639801027,-1,US-AAPL-20240307-093000,2024-03-15 09:30:00-04:00,172.6632,0,Close at last candle of data,True,0,-0.0210250240969004,,,0,0,False,0,0.005141103203274655,0.005141103203274655,0.0027662490835065334,0.0027662490835065334,0.007874407700082076,0.007874407700082076,0.005868150024132213,0.005868150024132213,0.007002024252032557,0.007002024252032557,0.15904523179901603,-153.16100663656076,3.36500875266307,171.49317513348396,192.44068869708244,0.8789720876687386,3.36500875266307,171.49317513348396,192.44068869708244,0.8789720876687386,7
